{
  "r2_displacement": 0.3067558705806732,
  "r2_stress": 0.9042112827301025,
  "model_type": "gcn",
  "n_train": 480,
  "n_test": 90,
  "n_val": 30
}