{
  "r2_displacement": 0.3125043213367462,
  "r2_stress": 0.9130437970161438,
  "model_type": "gcn",
  "n_train": 480,
  "n_test": 90,
  "n_val": 30
}